model,validation_auc,precision,recall,f1
logistic_regression_numpy,0.8472931765078611,0.5652173913043478,0.45614035087719296,0.5048543689320387
gradient_boosted_stumps_numpy,0.7902558314522197,0.3251231527093596,0.5789473684210527,0.41640378548895896
