model,validation_auc,precision,recall,f1
hist_gradient_boosting_sklearn,0.7593598595138232,0.2340802501302762,0.4483928927929727,0.30758696247603395
catboost,0.7535598665348526,0.2398095459296249,0.41225793571571173,0.303230543318649
logistic_regression_sklearn,0.7456261562762275,0.22068008327550312,0.44440007985625873,0.2949125596184419
logistic_regression_numpy,0.7437601802364835,0.21830078318627938,0.43960870433220206,0.2917329093799682
random_forest_sklearn,0.7379980346630358,0.208715379525475,0.4408065482132162,0.28329484218629714
gradient_boosted_stumps_numpy,0.7145660097377169,0.1900726392251816,0.4388101417448593,0.2652507089844929
