{
  "demo_mode": true,
  "rows": 5000,
  "columns": 14,
  "best_model": "logistic_regression_numpy",
  "cv_auc_mean": 0.7567254027124423,
  "out_of_sample_auc": 0.8472931765078611
}